{
  "project_info": {
    "project_number": "366386995037",
    "project_id": "garageit-2021",
    "storage_bucket": "garageit-2021.appspot.com"
  },
  "client": [
    {
      "client_info": {
        "mobilesdk_app_id": "1:366386995037:android:f92f90d41edbd847ab92b4",
        "android_client_info": {
          "package_name": "com.spectrumhuv.garageit"
        }
      },
      "oauth_client": [
        {
          "client_id": "366386995037-4rfm7o4a3nkqodd389dn005kqrdv3v8d.apps.googleusercontent.com",
          "client_type": 3
        }
      ],
      "api_key": [
        {
          "current_key": "AIzaSyC3IfB3CIJy3TJeze7dPp5n_X2OTQqdMiU"
        }
      ],
      "services": {
        "appinvite_service": {
          "other_platform_oauth_client": [
            {
              "client_id": "366386995037-4rfm7o4a3nkqodd389dn005kqrdv3v8d.apps.googleusercontent.com",
              "client_type": 3
            }
          ]
        }
      }
    }
  ],
  "configuration_version": "1"
}